crim,zn,indus,chas,nox,rm,age,dis,rad,tax,ptratio,b,lstat,medv
0.62439,3.6,3.25,0,0.7199,6.67,61.3,8.2172,24,295,20.0,395.17,25.81,19.9
1.94198,0.0,17.3,0,0.8049,5.839,10.6,8.5481,8,220,20.3,396.9,20.13,15.1
1.462,40.8,7.86,0,0.4615,6.509,87.7,3.1999,3,400,20.5,396.9,10.05,12.2
0.09871,17.9,16.92,0,0.8183,8.78,97.4,4.9286,5,269,19.7,396.9,31.81,29.9
2.06785,35.6,15.44,1,0.385,6.353,93.4,5.7001,24,390,19.0,396.47,11.46,10.3
0.79228,33.6,7.31,0,0.595,6.467,100.0,8.5307,2,191,21.0,396.9,9.97,43.6
1.68294,3.0,1.77,0,0.4278,6.125,75.1,1.7028,3,595,19.8,388.58,12.39,28.3
1.13722,49.1,2.55,1,0.461,6.014,98.4,9.4993,24,596,18.4,396.9,19.68,21.8
1.36208,0.0,15.19,0,0.5919,6.278,58.6,7.0626,3,366,19.5,284.39,15.3,50.0
0.70363,31.1,17.19,1,0.5151,6.812,100.0,2.3137,3,663,19.0,396.9,14.5,12.8
1.60322,16.9,15.64,0,0.6936,8.601,74.2,7.9235,4,187,18.6,396.9,13.63,28.3
0.62991,16.9,16.81,0,0.6654,7.54,49.5,6.3626,7,187,18.0,387.2,12.58,27.0
0.91719,17.5,16.45,0,0.7452,8.78,73.4,10.5229,4,616,21.1,396.9,17.57,43.6
1.65069,34.7,16.94,0,0.6962,5.824,94.0,4.9726,24,579,21.0,396.9,23.95,20.9
2.10941,0.0,15.62,0,0.7858,6.073,73.2,3.3053,6,685,16.1,392.81,17.12,23.7
0.41692,0.4,16.26,0,0.6655,8.221,94.5,3.4777,5,412,20.5,396.9,33.17,40.3
0.20082,0.0,16.61,0,0.729,8.78,100.0,8.855,6,187,21.1,396.9,20.2,23.9
0.51814,33.8,0.77,0,0.4836,6.923,62.6,2.0401,5,420,21.3,396.9,17.35,33.4
0.00632,13.5,17.23,0,0.7419,6.07,99.7,9.902,5,357,22.0,396.9,8.93,7.8
0.99097,4.1,20.4,1,0.5813,7.116,37.0,3.1675,3,615,19.5,396.9,8.83,22.9
1.18702,20.1,4.49,0,0.7579,6.387,89.3,4.7295,4,659,22.0,396.9,29.89,29.7
0.56584,1.0,15.88,0,0.7871,8.78,71.2,9.0628,1,357,20.0,190.36,25.71,16.1
1.37,1.5,9.74,0,0.6954,7.336,100.0,6.126,7,669,20.7,384.03,9.17,23.9
2.1101,0.0,0.46,0,0.481,5.801,70.7,2.5967,24,631,21.1,396.9,22.96,21.9
0.00632,28.1,15.41,0,0.5847,8.55,94.6,3.6585,2,640,19.9,396.9,5.9,30.3
1.73692,27.6,15.87,0,0.5316,7.31,11.9,3.777,24,692,21.1,396.9,6.9,32.0
0.00632,0.0,16.92,0,0.6253,8.454,88.5,4.211,6,636,21.4,385.85,7.94,26.7
0.04909,42.0,18.37,1,0.8124,7.848,100.0,5.5454,24,618,20.5,390.9,18.74,38.6
0.90775,0.0,2.25,0,0.871,8.313,70.4,8.9011,5,689,19.4,377.7,7.4,27.9
1.8274,2.3,16.52,0,0.8171,6.105,74.3,3.2367,5,367,21.9,396.81,20.73,22.7
0.00632,0.0,15.72,0,0.7739,6.829,82.5,3.5884,5,270,20.3,393.26,8.36,33.7
0.00632,0.9,17.71,0,0.871,5.738,51.6,10.2894,5,318,19.8,394.69,17.17,24.4
1.62351,42.7,6.71,1,0.3942,6.603,86.4,4.3639,4,187,20.8,396.9,16.71,50.0
1.59228,3.1,1.54,1,0.7212,7.205,45.8,7.8532,4,616,18.0,396.9,7.3,27.4
0.49647,3.8,3.54,1,0.699,7.346,84.7,6.842,3,187,18.0,396.9,27.86,47.9
1.50349,46.6,16.12,0,0.6482,8.78,91.6,3.8177,2,583,20.0,396.55,37.97,21.4
0.52088,0.0,1.22,0,0.7447,7.045,100.0,5.4132,5,653,20.6,396.9,21.78,30.0
0.59283,1.8,18.04,0,0.7313,5.936,65.0,2.6354,4,187,20.5,396.9,25.0,32.1
0.00632,0.0,5.1,1,0.6426,6.524,72.9,7.4299,6,611,20.6,396.9,11.08,21.0
1.90723,3.7,9.61,0,0.702,7.331,84.4,1.5695,3,665,21.5,382.49,26.26,26.1
0.37941,0.0,18.3,0,0.6571,6.986,48.3,9.3808,4,586,19.8,385.29,4.07,36.2
0.52005,14.6,17.16,0,0.7567,6.043,79.4,5.6993,4,187,20.3,396.9,18.09,22.2
1.31631,2.9,15.87,1,0.5261,8.522,52.4,6.7548,4,670,19.9,393.34,4.16,27.6
11.97977,38.7,15.49,0,0.5199,7.987,94.5,7.8664,5,417,20.7,389.32,21.37,22.4
2.42652,0.1,0.46,1,0.6936,5.856,46.2,9.7641,24,187,18.4,396.9,8.88,38.0
0.88182,0.0,0.46,1,0.8655,7.646,43.0,10.8111,2,207,20.4,396.9,17.28,30.6
0.96771,21.2,15.15,0,0.4471,7.202,45.1,5.851,2,190,21.4,396.9,13.87,36.2
1.95314,2.0,16.1,0,0.7995,7.852,89.1,3.3915,6,187,18.9,396.9,18.57,29.7
0.00632,100.0,19.17,0,0.871,6.884,96.3,3.3948,5,187,19.6,396.9,17.93,26.3
0.00632,2.0,15.61,0,0.8119,7.398,66.1,4.733,4,622,21.6,382.76,24.26,30.7
1.42675,2.1,20.76,0,0.8231,6.11,68.3,12.1265,5,606,20.0,396.9,24.84,24.0
1.09922,33.7,22.95,0,0.5217,7.872,48.8,9.7231,3,584,20.7,396.9,13.41,31.7
0.22401,33.1,18.4,1,0.8555,6.616,65.8,4.175,24,625,21.6,396.9,22.08,25.4
1.41204,30.3,3.24,0,0.6218,6.647,56.7,9.7053,3,187,19.8,396.9,14.16,25.4
0.4943,17.8,15.86,0,0.5516,8.496,74.8,9.6396,3,602,19.3,396.9,13.02,17.1
0.11726,100.0,18.58,1,0.6581,6.378,100.0,3.336,2,618,17.8,396.9,13.62,27.2
0.56535,0.7,0.46,0,0.864,8.78,42.0,8.9726,24,315,18.7,396.9,25.45,50.0
0.89944,2.5,8.97,0,0.7547,6.229,100.0,6.7995,24,187,18.3,377.05,11.57,50.0
1.83095,32.0,17.13,0,0.7637,6.49,100.0,6.3116,5,202,22.0,396.9,14.46,39.7
0.04788,0.6,18.43,0,0.4982,7.334,75.2,2.9198,6,614,19.2,396.9,17.95,22.6
1.21879,2.9,4.22,1,0.5525,8.78,88.9,8.3265,24,207,20.3,396.9,12.5,35.4
0.28675,2.1,17.9,1,0.4299,8.78,71.0,4.0613,1,604,21.7,396.9,9.02,5.8
0.65034,1.5,17.47,1,0.631,6.963,100.0,2.5629,5,191,20.8,396.9,16.89,49.6
1.78542,3.2,17.26,0,0.5794,7.098,100.0,3.5166,3,311,19.5,396.9,14.19,16.1
1.73298,0.0,3.11,0,0.6425,7.404,18.7,3.2736,6,400,17.1,396.9,19.31,20.1
0.66912,3.0,7.52,0,0.6397,6.243,100.0,8.4773,4,187,18.6,396.9,14.16,18.4
1.71393,1.7,0.46,0,0.5203,7.0,48.7,6.803,3,222,21.1,370.56,13.19,36.5
0.74329,2.0,0.97,0,0.5746,7.092,66.1,3.1545,1,604,21.3,396.9,7.26,36.2
0.00632,35.3,5.8,1,0.7574,6.52,94.9,7.8184,3,351,21.4,387.26,19.98,26.3
1.39866,0.4,0.46,0,0.4262,8.78,12.0,3.0122,1,605,20.5,388.46,19.67,25.9
0.00632,1.4,19.6,0,0.5036,7.22,88.0,8.9776,6,321,21.6,396.9,8.85,24.7
2.0417,26.6,5.38,0,0.7203,8.581,89.2,4.6972,7,584,21.7,384.39,25.26,14.1
0.00632,41.3,17.7,0,0.7962,6.576,66.6,5.5033,2,202,16.5,396.9,14.95,10.8
0.67333,25.5,17.86,1,0.5216,6.429,98.8,9.5344,7,633,20.1,396.9,11.7,7.4
1.99332,0.9,0.46,0,0.8633,6.397,77.7,6.8528,8,279,21.9,375.34,19.63,25.7
0.83047,3.7,0.46,0,0.5063,7.254,87.0,4.1428,4,644,17.7,396.9,12.81,23.9
0.98673,39.5,15.33,0,0.8299,6.317,2.9,8.8114,7,604,20.0,396.9,7.58,27.4
0.15471,24.4,8.54,1,0.4794,7.899,78.3,7.8545,4,607,18.7,396.9,9.22,18.6
0.93945,37.1,16.97,0,0.4636,6.798,79.0,4.0545,4,586,21.9,396.9,8.08,30.0
0.76667,1.8,16.22,1,0.5133,8.78,98.6,8.5683,6,569,20.3,396.9,10.58,15.4
1.12581,31.4,16.68,0,0.686,6.245,44.5,7.5127,2,592,20.1,396.9,12.93,23.7
1.50036,40.4,17.39,0,0.5821,4.374,92.3,3.9486,24,418,18.4,396.9,23.76,13.1
1.11292,0.1,3.05,0,0.7804,6.8,95.1,8.5307,4,187,19.9,396.9,8.9,50.0
1.81908,1.5,17.79,0,0.4784,7.919,57.1,4.8279,5,649,20.8,396.9,20.71,20.6
0.71556,2.1,5.88,1,0.7338,7.956,87.1,6.382,1,637,20.4,396.9,23.51,16.4
1.79293,0.0,17.58,0,0.871,8.78,89.1,9.0956,24,590,19.3,376.65,11.07,47.4
0.84573,2.6,16.3,1,0.7119,8.78,62.7,9.436,24,587,21.8,396.9,15.54,45.7
1.48898,0.0,9.23,0,0.4949,7.199,85.4,7.1985,4,596,20.4,314.66,14.14,25.4
1.23009,45.1,0.46,1,0.5142,7.469,75.9,5.9305,5,605,20.4,396.9,23.15,22.4
2.08563,1.5,17.62,1,0.4095,7.395,73.0,6.5629,24,608,20.7,396.9,13.08,32.7
0.1375,0.0,6.63,0,0.4739,7.288,94.2,6.8586,8,401,21.4,396.9,11.73,23.6
0.8284,38.3,0.46,0,0.798,7.753,80.0,3.1964,5,326,21.9,394.22,14.38,5.3
1.60619,3.2,3.83,1,0.8048,7.123,81.6,9.8065,6,575,19.3,396.9,10.4,25.1
0.27228,33.5,1.87,0,0.7314,6.782,100.0,2.4829,3,318,18.8,388.27,19.68,29.6
1.8506,21.2,16.1,0,0.7825,7.498,41.5,6.8536,5,438,21.7,396.9,14.5,18.7
0.90886,11.1,16.0,0,0.6068,5.598,73.5,5.6195,4,362,21.9,396.9,10.47,24.3
1.78445,74.6,4.48,0,0.7025,6.649,13.6,5.4309,4,315,19.9,396.9,17.51,22.3
15.28895,36.6,3.05,0,0.6814,6.355,55.0,1.9825,3,460,19.2,396.9,13.02,49.3
0.59437,44.0,0.46,0,0.4398,8.78,62.0,4.9263,4,658,21.2,377.89,15.25,27.5
1.77609,0.0,17.03,0,0.7295,6.496,57.4,3.5332,5,407,17.9,390.19,3.69,19.0
0.39986,34.7,3.48,0,0.8168,8.271,88.4,2.0193,24,289,20.6,396.9,24.49,28.3
0.77341,20.0,20.98,0,0.657,6.249,96.4,4.789,3,599,19.9,396.9,19.33,22.1
0.69148,3.3,17.39,0,0.4876,5.479,20.0,3.2735,5,187,17.5,396.9,12.35,23.3
1.2854,40.1,2.42,0,0.6727,6.965,71.7,9.8944,24,639,18.3,396.9,19.63,37.5
1.76056,2.4,0.46,0,0.7464,8.78,52.2,6.9422,5,337,20.5,396.9,17.97,25.8
1.30316,10.0,17.19,0,0.5129,8.236,59.3,6.0465,3,217,19.7,396.9,8.78,21.4
0.3823,1.6,18.02,1,0.871,8.727,87.4,9.1889,24,187,18.0,396.9,12.71,37.1
0.38234,0.4,19.26,0,0.6459,6.317,95.8,5.3276,8,409,18.6,396.9,3.72,22.2
0.34607,1.2,9.77,0,0.6369,7.268,77.9,5.5172,24,614,20.2,396.9,9.6,15.9
2.17443,19.2,0.6,0,0.8159,7.291,53.6,3.8013,3,587,17.7,396.9,29.69,25.8
2.23707,0.3,1.8,1,0.8481,6.522,100.0,4.2173,7,187,19.9,396.9,34.14,44.1
1.53137,29.9,4.09,0,0.7721,8.78,100.0,5.8849,5,654,15.5,396.9,21.5,30.6
0.00632,2.0,18.28,0,0.8243,7.872,39.4,4.2927,8,187,19.4,396.9,16.53,38.7
8.18084,0.0,17.24,0,0.4476,8.638,85.8,7.5684,5,257,18.3,396.9,18.12,28.7
0.39256,0.0,16.41,0,0.4494,5.494,92.2,3.0207,5,601,19.0,385.44,34.14,26.7
0.3066,1.2,0.46,0,0.6985,7.709,32.1,8.3033,3,256,21.8,396.9,18.94,29.6
0.271,3.0,17.07,0,0.5147,6.928,88.8,4.0568,24,643,18.7,396.9,19.23,35.9
0.82782,29.6,0.46,0,0.6239,8.78,92.1,5.995,24,189,20.6,396.9,8.55,22.9
1.77946,32.9,2.66,1,0.7019,8.077,61.2,3.7181,4,662,21.2,396.9,9.36,39.7
2.25811,36.9,16.9,0,0.4699,6.742,31.0,3.325,7,625,19.7,387.24,37.97,23.3
0.00632,27.0,16.24,0,0.8693,6.076,98.8,10.3681,7,187,19.9,391.84,22.37,13.8
1.72592,33.9,14.99,0,0.5525,7.266,96.7,8.3796,8,293,20.2,396.9,18.81,15.1
0.83522,25.2,0.46,0,0.6561,7.199,100.0,5.5783,4,614,20.2,396.9,13.02,7.5
1.72973,3.4,1.77,0,0.7268,7.882,100.0,1.1296,8,241,20.2,396.9,15.05,16.6
1.7219,34.1,16.75,0,0.8166,6.645,79.6,3.9974,24,378,19.8,396.9,15.49,23.3
1.98786,3.0,17.76,0,0.457,,69.7,6.9256,5,228,18.0,396.9,21.7,28.5
1.2036,0.0,0.46,0,0.7037,6.623,96.1,7.1536,4,627,18.2,383.13,9.88,50.0
1.42274,45.1,16.73,0,0.7545,7.907,80.3,3.5773,2,278,18.4,396.9,11.94,19.0
0.33071,1.1,17.57,0,0.5232,8.78,85.3,8.4587,5,328,21.3,396.9,37.24,26.8
0.74096,0.0,1.64,0,0.5221,7.066,98.6,5.9132,4,641,20.0,392.15,16.5,28.0
0.00632,0.1,15.18,0,0.6831,8.78,86.2,11.5143,4,677,21.0,396.9,8.42,21.7
0.17904,28.7,17.32,0,0.5155,8.148,70.8,9.632,5,688,20.9,396.9,10.84,32.1
1.71151,1.1,2.19,0,0.5236,6.969,67.4,2.1776,5,239,21.5,396.9,16.4,20.1
0.97419,0.0,4.16,0,0.5977,7.289,57.6,5.355,6,702,20.2,396.9,20.8,15.6
0.00632,40.2,16.99,1,0.6906,8.443,90.9,5.3484,5,254,20.4,396.9,12.23,40.5
1.55558,0.0,12.73,0,0.7448,7.349,64.7,8.5116,1,586,20.2,396.9,7.25,23.2
1.76828,0.0,18.11,0,0.7351,8.78,58.7,5.8507,4,187,21.3,395.85,12.26,28.0
1.76527,2.8,16.1,1,0.6323,7.416,100.0,1.931,8,230,20.6,396.9,22.21,24.8
0.00632,21.2,9.12,1,0.5878,8.78,100.0,6.2831,6,212,20.2,390.28,11.04,29.8
0.65184,31.7,11.97,1,0.4699,8.78,96.8,1.5489,4,187,17.6,396.9,14.62,19.6
0.50981,2.4,17.5,1,0.6291,6.519,45.0,4.7529,3,215,20.8,391.21,22.47,30.3
0.93968,0.0,18.52,0,0.4789,5.812,95.8,9.5351,2,315,17.4,396.9,24.99,27.1
0.71931,2.9,16.04,0,0.4161,7.04,77.3,6.667,5,432,21.7,396.9,12.97,26.5
1.55909,46.2,2.57,0,0.547,5.924,99.4,3.7828,24,606,21.3,396.9,22.36,6.3
0.62471,0.1,14.97,0,0.5265,7.681,93.3,4.8832,4,616,20.7,396.9,21.25,42.5
1.35729,2.7,16.28,0,0.6599,8.389,90.6,4.8484,6,357,19.3,396.9,25.26,31.3
0.94991,3.2,19.71,1,0.637,6.615,100.0,8.4022,1,698,18.3,394.3,13.39,25.4
0.02588,35.2,19.79,1,0.4931,6.957,97.1,3.4407,5,187,20.9,396.9,11.57,30.1
1.99707,21.9,15.33,0,0.8002,8.049,62.0,9.0931,5,631,21.5,396.9,8.36,31.7
1.22884,3.0,18.41,0,0.4833,6.091,95.4,2.7258,4,592,21.8,396.9,23.86,23.1
1.77996,2.8,19.74,0,0.5783,6.288,51.3,5.4567,7,645,19.1,396.9,13.98,31.1
0.90502,44.8,17.16,0,0.4596,6.484,2.9,7.7512,4,656,20.6,393.13,12.29,43.5
0.00632,0.0,1.27,0,0.6479,6.159,42.5,5.2926,3,579,19.6,396.9,26.04,28.6
0.00632,0.0,10.17,1,0.8287,8.076,32.3,3.2397,4,588,21.0,396.9,10.98,36.7
1.97324,3.0,4.73,0,0.5888,6.468,94.0,1.8307,5,187,19.6,396.9,10.16,25.0
0.08129,26.9,16.16,0,0.752,6.201,100.0,9.2321,24,236,20.1,396.9,12.33,25.9
0.229,15.5,14.93,0,0.5777,8.78,73.4,9.0509,24,573,20.6,396.9,13.26,24.5
1.61147,56.5,4.37,0,0.8054,,52.2,3.1859,5,433,21.0,395.53,13.21,13.6
1.63717,0.0,0.46,0,0.7945,8.78,52.4,10.2246,7,629,21.9,396.9,11.27,29.3
0.43482,3.5,16.23,0,0.7419,8.082,69.6,5.0504,24,368,19.6,364.27,22.9,23.1
0.12347,2.2,0.46,1,0.5774,6.906,100.0,5.7549,5,187,20.3,396.9,9.12,19.8
0.99342,37.1,2.09,0,0.6157,6.203,82.8,6.9368,1,638,21.8,396.9,15.12,25.1
0.93492,0.2,17.38,1,0.4201,8.78,64.6,2.1268,2,308,18.7,396.9,20.44,24.1
1.56249,0.5,16.44,0,0.871,8.07,73.3,11.6835,8,341,20.7,133.2,7.78,50.0
1.14089,0.4,5.63,0,0.575,7.094,65.8,3.0626,24,327,21.6,396.9,23.61,50.0
0.50169,1.6,6.06,0,0.7052,7.596,96.1,2.2735,8,195,21.6,396.9,16.5,28.3
1.92088,27.9,21.06,0,0.7647,7.129,45.2,3.4031,24,294,19.6,396.9,12.53,24.0
0.75825,0.2,16.99,1,0.646,8.095,76.8,6.2293,5,605,21.6,390.9,7.39,22.8
1.11559,2.7,20.11,0,0.4719,8.78,82.1,7.3262,24,187,22.0,396.9,11.82,32.4
1.75507,27.0,1.61,1,0.7179,7.666,93.8,6.0997,4,626,18.9,389.37,1.73,43.6
0.00632,4.6,18.82,0,0.871,7.23,84.2,3.3191,24,384,19.7,396.9,10.84,45.4
0.00632,3.2,18.32,1,0.7407,7.022,93.8,5.5174,3,592,20.5,396.9,11.62,21.9
1.25112,14.7,16.63,0,0.6229,7.142,50.6,3.2841,4,351,20.3,396.9,24.05,27.2
0.52524,23.9,3.4,0,0.583,8.008,48.7,8.236,5,590,17.4,351.91,10.06,28.7
0.00632,39.3,16.37,0,0.487,8.463,100.0,6.7165,4,341,19.9,292.17,10.5,26.7
0.00632,70.8,16.15,0,0.5051,6.774,100.0,5.8875,8,187,21.3,396.9,17.9,25.8
1.19379,36.9,10.36,0,0.529,6.587,68.3,5.0862,5,690,20.4,396.9,24.54,27.7
1.69404,88.8,16.52,1,0.4572,7.12,85.8,4.3462,3,189,17.9,396.9,15.69,28.9
1.36418,42.6,17.24,1,0.6974,8.78,91.1,8.3588,24,187,18.1,368.15,13.08,30.3
0.98265,15.4,16.35,1,0.5676,8.78,100.0,6.5093,7,602,21.0,396.9,10.25,40.3
1.32676,1.3,0.46,0,0.5501,7.701,60.6,9.6838,24,372,19.7,150.88,20.85,19.7
2.36049,26.9,17.75,0,0.5906,6.329,74.7,8.7033,7,429,22.0,396.9,15.17,26.6
0.40628,47.1,10.43,0,0.5089,8.368,88.7,3.8049,4,617,20.2,396.9,18.78,17.5
0.89717,1.0,0.46,0,0.8673,8.78,98.9,12.1265,5,359,19.6,386.1,23.07,32.2
0.71263,2.4,19.76,1,0.871,8.78,85.0,6.1386,5,580,16.4,396.9,12.91,23.9
0.00632,0.0,3.38,0,0.5585,7.836,43.4,7.8263,24,211,20.6,396.9,14.83,50.0
0.7082,28.0,17.68,1,0.8265,8.78,99.4,3.1318,7,346,18.8,396.9,6.09,25.7
1.77462,39.1,7.42,0,0.7788,5.898,87.1,9.2541,7,386,21.5,396.9,2.52,23.1
1.7221,0.0,15.17,0,0.6745,6.27,89.5,5.0443,24,323,18.0,396.9,21.32,23.0
2.28267,4.0,8.2,0,0.5962,6.463,51.8,6.9024,5,681,19.3,381.26,17.76,27.4
15.41823,2.5,1.25,0,0.4426,6.313,93.8,3.7141,24,187,16.4,391.91,37.97,27.0
1.52898,34.2,16.06,0,0.8242,8.78,91.9,4.5167,4,614,19.0,394.81,9.96,28.8
19.21125,1.6,16.24,0,0.7252,8.78,74.0,3.5857,5,586,20.1,392.5,5.91,15.4
1.81726,35.5,3.2,1,0.5251,6.488,93.3,2.4694,5,643,21.6,396.9,34.69,11.8
1.52442,23.2,1.1,0,0.527,6.463,83.2,4.7171,24,187,21.5,396.9,18.4,30.1
1.60418,28.2,2.25,0,0.5635,7.698,82.1,3.4098,24,681,21.1,396.9,7.1,28.5
1.53799,87.0,15.88,1,0.5196,7.424,47.2,10.5528,2,669,19.2,394.77,10.02,26.5
0.77848,22.3,16.72,0,0.8251,6.651,52.9,8.9635,2,630,19.0,391.51,8.08,28.7
0.00632,28.8,17.23,1,0.5802,8.78,100.0,2.2627,5,336,19.5,396.9,15.37,9.5
0.54059,18.5,15.03,0,0.5132,6.209,74.2,10.8485,1,342,19.4,375.96,10.63,31.2
1.13114,0.8,16.56,0,0.8479,7.115,100.0,6.3084,6,286,19.8,396.9,8.24,16.5
1.40268,1.8,3.44,0,0.7221,6.166,67.5,4.9179,5,188,19.8,395.6,19.09,18.6
1.04793,28.8,16.88,1,0.8043,7.501,92.6,8.5689,5,611,21.7,379.03,16.23,23.4
1.99485,24.2,14.84,1,0.5149,8.78,97.1,2.521,3,711,20.0,396.9,6.22,30.0
1.32275,1.6,1.45,0,0.6335,8.78,57.2,7.8805,3,598,20.1,396.9,13.46,26.9
1.28425,40.7,17.08,0,0.5446,8.78,68.8,3.3283,24,606,19.4,396.9,18.01,32.7
1.14536,4.7,0.46,0,0.7517,6.816,75.6,1.7402,4,187,20.2,392.25,19.99,24.3
1.9319,0.0,7.26,0,0.7922,7.267,100.0,8.9243,5,187,21.1,396.9,20.14,27.3
2.19645,29.2,15.38,0,0.7359,6.903,59.1,5.0931,5,647,19.2,393.86,11.93,29.3
78.00589,1.4,15.84,0,0.6365,6.719,65.6,2.885,2,592,20.1,392.66,10.51,50.0
0.24492,3.3,2.6,1,0.6411,7.312,84.2,7.9305,3,187,20.5,396.9,14.42,19.2
0.70649,3.0,0.84,0,0.4883,8.47,98.9,4.8692,6,608,18.4,396.9,20.79,45.1
2.2778,3.8,6.37,0,0.5021,8.314,100.0,3.7291,6,367,21.5,396.9,8.06,37.7
0.27413,0.0,16.62,0,0.7256,6.75,77.6,3.7656,5,247,19.6,390.74,3.99,42.0
0.48064,26.4,0.58,0,0.7161,7.383,26.9,6.6477,5,624,20.4,396.9,37.97,28.6
0.04093,26.7,1.35,0,0.6343,8.78,41.7,7.209,24,567,20.6,396.9,37.97,21.7
0.00632,0.5,17.95,0,0.7937,7.245,75.9,10.4547,24,237,19.1,376.89,8.55,27.5
1.7724,32.5,3.04,0,0.7309,8.78,89.9,3.757,2,639,19.8,396.9,7.77,13.3
1.8925,0.9,0.46,0,0.7434,7.238,61.0,5.3413,5,621,20.4,389.18,9.86,27.3
1.53895,41.9,0.46,0,0.5939,8.78,82.5,5.1096,7,342,20.6,388.71,27.01,7.4
1.41251,14.5,8.5,0,0.5788,8.645,100.0,3.6462,5,667,20.7,396.9,11.96,36.1
1.20754,1.2,0.46,0,0.8394,8.78,71.0,8.7017,5,187,21.4,396.9,14.57,27.3
1.75769,1.8,3.73,0,0.7503,6.787,100.0,8.1967,1,261,19.9,396.9,6.07,27.6
0.97816,100.0,17.99,0,0.6276,6.826,77.7,9.7551,1,567,20.7,396.9,16.89,29.0
2.2375,3.2,17.32,0,0.4411,6.055,96.0,8.0165,4,187,21.9,388.91,21.22,44.7
1.9584,0.0,0.46,1,0.3866,8.149,88.5,7.9575,5,641,19.8,388.07,12.31,25.7
0.64403,30.4,13.28,0,0.6545,6.849,79.2,3.3807,6,595,18.9,348.89,9.88,14.6
1.08892,0.0,0.64,0,0.605,8.78,96.6,7.4493,6,208,20.8,396.9,30.28,39.3
0.75629,1.3,16.65,0,0.5075,8.78,98.8,8.6451,4,620,20.9,396.9,10.8,29.9
1.43862,42.9,15.27,0,0.7478,6.217,71.5,9.8381,7,659,21.2,396.9,15.47,24.3
0.76037,0.5,7.05,0,0.8412,5.941,93.7,4.9884,7,187,17.8,396.9,17.21,24.2
1.32414,2.6,15.75,0,0.7294,7.895,66.7,7.3701,3,347,20.9,388.51,8.18,25.7
0.42397,24.5,16.76,0,0.5361,7.602,96.3,9.9805,3,320,20.5,396.9,7.38,32.4
2.06883,18.4,2.54,0,0.6195,7.408,97.8,8.0814,5,187,17.2,396.9,20.59,32.4
12.67692,38.2,17.98,0,0.4511,8.566,75.7,9.6122,4,187,21.5,396.9,12.86,23.5
1.68652,0.0,15.58,0,0.5398,8.233,100.0,10.1951,5,195,20.8,396.9,11.25,24.8
0.71496,34.0,17.83,0,0.4964,6.691,100.0,6.1961,24,581,19.3,396.9,8.72,17.1
1.82618,10.3,15.38,0,0.6004,8.78,67.5,1.1296,5,607,19.0,396.9,25.48,21.8
0.2543,0.0,4.59,0,0.4098,7.025,100.0,9.5534,8,624,19.2,379.85,1.73,26.9
0.00632,0.6,18.49,0,0.5648,8.101,100.0,6.7084,5,575,21.4,396.9,8.64,28.8
1.24819,1.2,15.48,1,0.816,8.78,100.0,6.9476,6,619,21.4,390.64,20.63,43.5
1.99742,2.1,16.54,0,0.6197,6.655,100.0,4.786,3,585,18.7,393.53,10.32,39.9
0.00632,24.2,3.72,1,0.4652,7.392,100.0,7.2988,4,589,22.0,393.85,18.12,32.5
38.13486,0.0,17.63,1,0.6557,8.184,75.6,8.8649,24,187,18.9,396.9,11.83,50.0
0.00632,39.4,23.85,0,0.5264,6.812,68.4,3.614,5,187,22.0,396.9,11.49,30.5
1.7048,31.6,15.8,0,0.8068,6.835,65.7,4.1327,5,257,20.2,396.9,17.57,21.8
1.85389,0.0,15.51,0,0.5351,8.78,100.0,11.1804,3,684,21.0,396.9,12.08,13.0
1.71497,41.3,15.91,0,0.7039,5.988,51.1,1.475,5,574,20.7,396.9,12.67,18.0
0.55502,47.6,19.3,0,0.8325,8.456,76.9,7.9786,7,374,21.3,396.9,28.52,25.8
1.91671,27.9,16.36,0,0.4634,8.78,98.6,6.4558,4,356,20.8,379.74,12.69,50.0
0.25715,1.1,16.78,0,0.4954,8.013,94.9,6.7629,24,670,19.2,396.9,8.49,50.0
1.46323,28.2,17.07,0,0.4224,8.78,31.9,4.2168,1,597,20.1,396.9,8.13,11.9
0.00632,44.4,17.3,1,0.8438,7.093,100.0,4.7226,4,622,20.9,396.9,36.16,28.5
0.71223,3.8,2.37,0,0.8078,6.751,91.9,4.0867,1,337,20.4,396.9,20.24,27.2
1.37961,85.6,16.21,0,0.8468,6.391,64.1,7.8906,8,187,18.8,396.9,10.74,16.9
0.53774,30.0,0.46,0,0.6686,7.935,30.0,4.2848,3,187,19.7,396.9,11.81,20.2
5.17887,0.0,16.55,0,0.7855,6.867,83.9,5.8436,8,242,19.4,386.46,23.99,15.5
11.06995,16.0,1.52,0,0.5159,8.147,92.3,10.262,4,617,20.3,396.9,12.24,21.3
0.9994,26.9,4.44,0,0.7216,5.98,85.2,2.2624,24,386,20.2,373.75,11.87,44.4
0.62812,38.1,1.91,1,0.6157,6.607,88.4,2.9469,5,603,19.9,389.42,37.97,21.7
0.00632,15.9,17.27,0,0.7915,5.218,60.9,8.7951,24,187,21.7,396.9,23.31,15.6
1.57842,3.0,3.92,0,0.6517,6.984,95.4,9.365,24,373,19.2,396.9,9.01,33.1
0.50244,9.2,2.47,1,0.7533,8.666,100.0,6.6591,8,353,20.8,391.83,19.08,29.1
1.96262,3.2,2.58,1,0.4721,8.78,82.9,3.5548,2,321,20.9,389.6,9.97,25.5
0.09026,1.8,17.16,1,0.6982,6.761,93.5,7.4414,8,196,19.7,385.88,1.76,36.2
0.26507,2.7,6.2,0,0.5981,6.864,100.0,3.8772,4,657,19.9,391.02,10.2,29.7
1.63644,0.0,3.27,0,0.6713,6.615,59.8,11.9122,8,617,20.4,390.63,5.13,23.4
0.22211,1.1,3.8,0,0.7418,8.515,61.8,5.3325,5,187,19.6,396.9,10.52,31.9
0.74106,14.2,16.43,0,0.5694,7.426,78.4,9.7336,3,187,20.5,396.9,6.43,40.2
1.11813,0.0,16.4,0,0.5983,8.444,83.4,8.3401,4,342,20.2,396.9,24.59,27.0
0.00632,30.6,5.72,1,0.74,8.78,78.1,10.1236,3,587,20.8,371.58,10.48,28.5
0.00632,0.1,16.43,0,0.7814,7.452,98.0,1.5308,6,258,22.0,396.9,12.08,34.7
0.00632,2.6,17.23,0,0.764,7.056,33.0,2.5212,5,187,21.8,396.9,31.68,29.8
1.84388,3.1,15.87,0,0.7321,8.327,100.0,4.7993,24,188,21.7,396.9,23.73,48.1
0.52493,29.9,0.93,0,0.4893,8.437,82.3,2.494,5,312,19.4,396.9,13.19,28.3
0.00632,1.2,0.46,0,0.7795,7.723,30.1,3.0474,6,638,20.0,396.9,18.78,26.9
1.36029,3.5,2.45,0,0.4826,7.464,99.6,8.2955,5,614,19.6,381.79,13.23,28.1
0.54806,1.0,15.99,0,0.5192,7.282,11.9,9.7935,2,594,16.4,396.9,23.3,30.9
0.00632,0.0,0.46,0,0.4785,6.869,2.9,4.1917,2,654,20.1,127.78,21.31,27.5
1.49567,1.3,16.89,0,0.5939,8.78,64.9,2.612,6,429,19.6,396.9,8.0,24.7
0.67686,3.5,4.25,0,0.5751,7.403,95.6,1.7475,8,279,19.8,396.9,11.91,20.9
0.00632,32.5,8.98,0,0.5508,8.78,87.3,3.4557,8,280,19.5,379.85,18.59,41.3
16.40977,31.3,15.3,0,0.5756,8.4,69.6,9.0923,8,581,18.0,396.9,37.97,20.9
0.83667,0.6,15.47,1,0.6856,6.82,70.3,7.5078,24,272,18.4,394.7,9.6,27.7
0.62595,26.9,1.74,1,0.696,6.859,8.6,5.216,4,601,19.7,371.79,17.32,35.9
1.64206,21.9,0.46,0,0.5297,8.677,79.9,7.5589,24,596,20.4,396.9,19.19,26.7
1.42643,4.4,18.64,1,0.5477,5.146,79.2,5.8032,3,586,20.7,396.9,32.67,16.2
0.89128,32.1,1.66,1,0.6513,6.814,97.3,6.0434,4,187,18.6,396.9,17.69,26.7
1.82966,24.4,0.46,0,0.6137,6.831,80.2,7.7204,4,408,20.5,294.52,19.18,26.2
0.23121,1.6,16.49,0,0.4618,6.007,100.0,6.469,2,218,17.7,396.9,8.42,50.0
2.45487,29.6,18.75,0,0.3888,6.253,86.1,3.4841,5,624,20.9,396.9,17.91,34.2
1.55329,0.0,15.69,1,0.5456,8.78,96.9,6.0221,8,383,20.4,367.81,13.03,28.1
0.00632,37.8,3.13,0,0.771,7.963,5.0,8.0429,24,584,17.3,396.9,37.34,35.4
0.63006,0.2,0.46,1,0.6156,7.01,100.0,2.772,24,699,21.1,396.9,22.04,20.6
0.89736,27.8,0.46,0,0.5553,8.461,96.9,8.0388,5,187,19.8,396.9,10.61,14.2
1.03484,4.5,10.65,0,0.8546,7.915,81.7,2.1481,6,344,22.0,396.9,9.92,29.2
0.24456,1.5,4.56,0,0.478,7.054,66.1,8.8129,6,591,18.6,396.9,11.03,30.3
0.00632,32.9,3.98,0,0.7086,6.118,74.4,3.386,5,598,20.9,396.9,15.77,21.6
1.23817,0.0,15.23,0,0.5315,8.78,60.3,9.5246,8,613,19.8,396.9,7.6,29.0
1.48405,3.7,4.38,0,0.4903,7.104,96.3,1.7564,6,579,20.5,396.9,22.87,26.6
1.04762,2.6,17.62,0,0.4898,7.47,77.2,7.9752,5,187,20.4,330.74,12.24,27.5
1.64709,3.1,18.88,1,0.7515,7.809,24.4,2.4681,6,327,17.1,396.9,13.18,19.9
0.00632,28.8,3.87,0,0.5326,6.576,54.1,8.7195,4,575,18.5,396.9,37.97,27.6
0.91947,91.5,17.05,0,0.7987,5.665,61.9,1.9929,4,351,19.8,396.9,12.4,24.8
0.99034,0.0,17.49,0,0.8677,6.562,77.8,8.1496,24,609,20.7,388.89,4.74,26.2
1.00429,25.8,1.73,1,0.8137,6.519,69.8,3.5362,8,575,21.2,396.9,11.07,13.4
1.98134,0.0,9.8,0,0.7034,5.618,62.4,9.0589,5,333,17.6,396.9,15.36,19.9
1.4382,0.7,18.55,0,0.5413,7.001,21.1,3.0384,1,207,18.2,396.9,28.04,15.2
0.91387,39.4,5.27,0,0.715,8.78,79.3,6.0321,1,582,19.0,396.9,7.64,30.2
1.57714,0.0,16.53,0,0.4856,6.426,79.7,10.7604,5,575,21.2,396.9,10.71,25.8
0.7822,40.5,13.59,0,0.8338,6.421,72.3,3.2848,2,331,19.5,396.9,32.98,38.8
2.62005,1.6,16.25,0,0.49,6.127,38.4,3.4884,3,391,19.7,393.32,7.36,39.8
0.53361,0.0,5.03,0,0.8392,8.78,45.7,3.6642,3,187,18.4,396.9,15.16,22.2
0.00632,16.5,4.96,0,0.4301,7.879,66.4,9.6,8,606,19.0,396.9,20.72,17.0
0.00632,4.0,16.76,0,0.6027,7.834,81.4,2.8225,1,568,19.3,387.19,17.08,29.6
1.35516,15.8,1.66,0,0.6946,6.366,66.1,4.9847,4,292,20.1,384.37,15.07,22.3
1.22551,47.3,17.65,1,0.647,6.631,55.1,2.6849,24,187,21.4,396.9,5.29,27.4
1.05642,3.2,6.09,0,0.4906,8.693,55.8,7.7411,4,598,12.6,396.9,25.71,33.8
0.97996,1.9,9.4,0,0.7139,7.088,81.8,5.2707,5,344,21.0,396.9,4.88,26.3
0.74966,3.6,16.0,0,0.6498,8.78,59.8,8.9938,5,189,20.5,396.9,16.69,42.9
1.52582,3.1,2.84,1,0.7073,5.782,50.7,2.6843,4,646,20.9,396.9,20.64,25.4
15.89018,27.5,18.05,0,0.522,5.894,28.1,7.8895,5,334,20.2,387.87,13.69,25.1
0.63657,1.9,17.44,0,0.822,6.069,97.6,8.1191,4,187,20.1,396.9,13.08,42.2
1.75492,43.6,4.09,0,0.5102,7.213,88.8,6.3822,8,666,19.0,382.79,13.87,23.4
49.67235,46.6,16.49,0,0.6199,6.152,19.2,7.1526,1,606,19.8,391.28,23.99,23.7
1.36312,3.1,17.11,0,0.5274,8.78,92.8,2.7744,2,652,19.8,396.9,22.99,50.0
0.05718,30.0,11.09,1,0.4798,8.021,100.0,11.0423,4,583,18.7,396.9,22.3,22.4
1.32539,76.7,8.43,0,0.8319,8.673,95.6,5.4688,5,187,20.3,396.9,14.16,8.0
1.18176,37.5,21.39,0,0.6342,8.012,40.5,8.9107,4,317,17.1,392.65,24.94,28.4
1.72605,2.4,13.43,0,0.5892,8.78,55.8,6.0555,5,570,17.7,396.9,19.52,27.4
1.48199,2.6,17.41,0,0.5723,7.889,89.4,8.6585,5,326,19.5,396.9,7.86,44.5
0.0594,0.0,17.37,1,0.5715,8.074,89.1,5.0929,2,583,20.9,395.54,35.97,17.5
2.05606,0.8,1.88,0,0.7966,6.968,96.2,9.5199,24,371,20.2,396.9,24.67,37.0
1.11669,0.4,7.98,0,0.6797,7.667,73.7,9.6295,5,265,19.4,396.9,14.2,31.5
2.1543,2.0,16.36,0,0.5207,8.462,100.0,3.3705,4,599,19.3,391.99,13.11,23.2
0.93242,44.2,4.38,0,0.4719,8.78,57.1,5.0559,5,625,20.7,396.9,9.39,28.5
0.42333,0.0,17.91,0,0.6673,8.78,100.0,8.0037,1,613,20.6,396.9,11.06,28.1
1.68332,1.3,7.21,0,0.4079,7.838,44.0,2.5828,24,187,20.9,396.9,10.28,50.0
0.95381,0.8,18.06,0,0.699,8.78,89.5,5.5855,2,565,19.1,396.9,8.97,41.8
0.26874,30.1,16.99,0,0.7768,8.78,88.3,7.2987,6,316,20.7,396.9,12.83,23.9
1.42601,0.0,0.46,1,0.871,7.393,100.0,2.8648,2,202,20.6,396.9,36.58,24.9
0.65935,0.0,16.68,0,0.4592,8.201,85.8,5.8643,5,682,20.6,396.9,6.25,23.0
1.68056,32.1,1.94,0,0.4634,8.375,14.1,5.7632,4,187,20.9,391.8,19.01,38.9
0.00632,0.4,5.53,0,0.6834,8.78,51.9,10.3442,4,594,18.9,396.9,14.07,26.9
1.70589,8.7,1.18,0,0.4671,8.541,86.3,8.9541,1,216,22.0,396.9,12.04,21.9
0.87182,15.6,4.02,0,0.6888,8.78,94.9,6.4958,3,584,19.9,396.9,13.19,24.3
1.10532,3.1,8.65,0,0.6743,7.281,18.0,7.7185,24,625,19.8,378.71,24.35,26.0
1.43881,38.8,12.8,0,0.4864,6.705,29.3,9.3449,8,194,19.9,396.9,8.83,37.6
1.44485,44.7,5.74,1,0.5706,8.38,78.4,5.9373,2,187,19.4,385.28,12.03,46.4
20.19843,30.6,17.42,0,0.8537,6.892,100.0,6.627,8,580,18.9,396.9,18.97,27.7
2.11754,19.9,0.46,0,0.5907,7.756,82.8,10.217,5,617,17.9,396.9,10.52,36.4
0.00632,3.7,9.94,0,0.6336,8.78,82.1,3.0873,24,601,19.6,394.74,14.51,24.5
0.00632,36.8,2.82,0,0.8419,7.036,62.8,4.4997,3,344,22.0,396.9,34.25,42.5
2.18633,1.3,17.76,0,0.8342,5.899,90.0,3.7021,3,353,19.3,396.9,37.97,27.0
0.87595,1.9,2.91,0,0.7173,6.502,88.2,2.7675,1,187,20.4,391.59,26.89,23.5
0.29835,0.0,17.13,0,0.716,8.78,83.2,5.6381,8,187,19.1,396.9,17.66,34.2
1.40926,51.7,1.28,0,0.8475,8.26,62.6,5.6814,8,711,20.2,394.26,18.98,27.0
2.05613,0.0,16.82,0,0.6551,8.78,85.4,8.5792,1,588,21.2,396.9,9.86,13.2
0.73045,0.0,8.34,0,0.5763,7.934,95.5,6.5783,4,329,20.9,396.9,13.45,19.3
1.80183,4.1,17.24,0,0.7886,7.514,94.5,3.0669,5,635,18.8,396.9,7.95,50.0
1.86271,21.4,1.42,1,0.8113,7.172,65.8,5.8254,8,658,21.6,396.9,21.86,27.5
1.32531,2.8,5.98,0,0.4374,8.183,48.0,3.3021,3,187,21.3,390.4,13.98,26.0
1.09738,55.1,20.11,0,0.8688,8.109,81.6,10.527,24,319,21.9,396.9,9.52,22.1
1.12186,0.2,4.79,0,0.5662,8.78,79.9,5.4828,3,213,20.2,384.06,11.31,21.2
0.14595,0.0,15.52,0,0.4686,7.497,96.2,2.7507,6,628,19.2,396.9,10.11,17.8
1.52123,1.4,18.02,0,0.5117,8.365,47.5,9.7414,3,592,17.8,389.48,13.04,21.2
1.95383,3.9,0.46,0,0.4879,6.352,60.3,3.4681,1,249,18.5,396.9,22.49,24.4
0.96179,38.3,0.46,0,0.7743,6.545,78.4,8.4828,24,587,21.3,396.9,7.3,19.0
0.76663,13.0,3.85,1,0.6921,8.78,42.4,6.2587,24,627,19.3,374.66,7.73,41.3
0.00632,0.0,19.44,1,0.4963,8.78,83.9,5.921,24,575,20.1,396.9,21.09,23.9
1.63892,1.5,2.08,0,0.778,8.78,72.8,6.7823,7,307,18.6,396.9,8.07,22.8
2.07966,2.8,18.83,0,0.5229,7.223,75.5,2.0089,3,210,21.3,396.9,25.25,25.1
0.74397,73.1,17.96,0,0.4971,6.362,87.4,3.7171,24,593,20.5,395.83,6.11,14.1
0.63894,1.0,19.65,0,0.8585,6.271,39.1,5.5013,6,628,18.8,355.33,21.3,22.5
1.37928,2.8,15.71,0,0.7265,6.57,79.8,8.0126,1,277,20.1,394.28,13.68,35.5
0.63172,27.4,16.33,1,0.5734,6.634,79.0,5.7411,24,187,19.4,396.9,1.73,25.0
1.44304,42.2,16.32,1,0.6004,8.78,52.8,6.3915,24,187,20.4,396.9,20.72,33.0
0.35578,0.7,16.24,0,0.6065,6.638,92.0,7.8351,6,615,19.1,393.24,8.97,28.8
0.52775,1.1,4.73,0,0.5034,7.126,94.8,6.8544,5,630,20.3,385.8,22.21,26.6
1.49344,0.0,15.81,1,0.5982,7.952,98.5,2.9568,2,621,18.8,396.9,24.85,18.6
0.00632,0.0,5.72,0,0.8005,6.794,100.0,9.9179,3,187,21.7,396.9,1.73,28.0
1.21305,1.0,17.21,0,0.7884,8.78,97.6,3.1962,24,615,19.9,385.3,13.37,15.3
1.13286,0.0,4.06,0,0.629,8.596,93.4,7.8143,3,668,20.6,396.9,11.75,23.0
1.46429,0.0,16.89,1,0.6099,6.78,2.9,4.2283,1,667,20.3,396.9,13.93,6.0
1.01475,90.2,0.46,0,0.4934,6.974,100.0,12.0528,7,614,20.7,396.9,8.74,27.9
1.57214,44.2,1.67,1,0.4699,8.149,84.5,5.8715,5,336,21.5,396.9,14.41,29.7
0.23893,37.3,18.01,0,0.7434,5.604,58.7,10.1477,5,354,21.1,396.9,20.34,16.0
0.23899,100.0,0.77,1,0.8093,7.381,100.0,5.1387,1,612,18.6,396.9,9.78,16.8
0.00632,18.7,17.56,0,0.7129,6.16,59.9,3.2639,5,329,20.9,396.9,14.07,16.7
0.59034,0.3,0.72,0,0.6608,8.78,81.8,5.2837,24,620,18.9,396.9,1.73,25.1
1.26914,0.0,7.86,0,0.6578,7.303,79.8,11.232,3,316,19.7,396.9,22.99,21.5
1.3328,0.9,16.02,0,0.7689,7.197,44.1,2.9939,1,187,21.6,396.9,9.05,44.4
1.08314,1.8,22.6,0,0.5612,8.616,55.6,7.9424,24,607,19.2,396.9,22.68,16.5
0.00632,14.9,18.41,0,0.5658,,24.4,9.643,4,631,19.2,393.02,9.57,30.6
1.18166,39.1,17.23,0,0.6419,6.945,39.7,3.527,1,187,19.2,386.12,37.48,30.0
2.06523,26.2,0.46,1,0.6216,8.78,71.2,3.0136,5,199,17.8,396.9,10.12,22.7
1.33609,21.0,17.71,0,0.4491,7.371,100.0,2.4071,24,200,17.5,376.33,19.76,24.3
2.4251,4.4,16.9,0,0.4315,6.702,100.0,5.5323,4,355,21.3,396.9,18.17,18.7
1.96017,35.7,0.46,0,0.5724,6.642,58.4,6.1184,5,594,16.2,396.4,12.34,36.0
0.00632,3.9,16.41,0,0.7426,7.618,87.8,1.9735,4,236,20.2,396.9,21.23,20.1
1.46642,23.1,0.46,0,0.7162,8.025,100.0,7.4517,5,605,20.1,396.9,15.02,28.8
0.7256,2.0,4.67,1,0.5379,8.78,75.0,9.4962,24,353,21.0,396.9,17.96,25.4
0.89214,8.0,18.76,0,0.4929,6.867,79.2,9.9229,5,387,21.5,396.9,11.37,20.9
0.41471,3.3,1.42,0,0.8135,6.649,92.4,2.3334,3,580,20.1,390.81,6.98,30.6
73.60462,12.0,15.19,0,0.4813,6.442,45.2,6.4005,4,187,20.7,396.9,23.86,31.2
0.00632,0.8,19.61,0,0.7085,7.527,91.7,6.3173,3,585,17.3,396.9,37.97,37.7
1.62846,0.4,2.81,1,0.5816,6.897,61.7,10.3315,8,618,16.2,396.9,15.5,22.6
0.79519,41.9,4.79,0,0.6396,7.274,84.0,5.8453,24,267,19.3,396.9,25.24,26.9
1.80627,21.0,16.54,0,0.5509,6.953,80.6,4.2469,5,623,18.3,308.14,16.62,29.1
0.00632,0.0,6.7,0,0.8258,8.78,53.2,2.0339,5,197,21.0,396.9,11.62,29.6
1.6874,2.5,3.69,0,0.871,8.398,100.0,8.0938,7,234,21.3,396.9,17.68,24.9
0.31029,29.9,1.32,0,0.6744,7.899,21.5,7.6054,24,187,17.1,396.9,8.07,32.3
0.00632,11.7,17.01,0,0.5487,8.78,100.0,5.6397,3,187,20.7,396.9,37.85,43.5
1.39275,3.1,14.95,0,0.5125,7.197,59.2,9.1508,24,632,17.3,386.26,6.58,46.2
0.00632,15.6,0.46,0,0.7162,8.639,82.6,4.0236,1,187,20.6,396.9,14.49,37.0
2.4133,2.5,16.48,1,0.4734,8.144,9.7,8.7872,24,292,20.9,396.9,13.44,27.9
0.54591,0.0,16.75,0,0.6562,6.99,95.2,3.8461,24,331,21.1,396.9,12.04,27.9
1.68554,34.9,16.61,0,0.543,8.221,95.0,9.1911,5,187,20.6,389.68,27.75,23.7
2.42643,34.2,1.35,0,0.4993,6.42,69.8,6.3801,24,319,20.0,396.9,9.81,21.5
0.38869,34.0,18.88,0,0.6661,7.074,95.5,6.0533,24,187,19.3,396.9,14.19,18.7
0.00632,16.8,18.21,0,0.419,6.392,81.7,12.1265,24,613,19.6,396.9,9.17,14.2
0.13425,1.3,16.75,0,0.5219,8.78,53.8,3.8484,24,606,20.3,395.81,25.72,17.5
1.16358,0.4,6.41,0,0.6249,6.018,80.4,9.8978,4,615,19.5,396.9,19.25,47.1
0.36277,3.2,15.55,0,0.5646,8.271,50.1,7.5873,4,619,20.5,379.92,37.97,21.2
1.08141,1.8,16.82,0,0.5183,7.049,76.6,4.2308,4,187,20.6,396.9,27.21,36.2
0.00632,0.0,16.9,0,0.8537,8.581,52.5,2.9131,2,187,19.3,396.9,9.56,26.5
0.00632,0.0,16.89,0,0.479,8.78,100.0,9.4349,4,220,19.2,396.9,17.21,25.5
2.23963,1.5,10.89,1,0.827,8.239,99.3,3.1458,7,326,19.5,379.44,7.77,21.8
0.00632,3.0,5.51,0,0.8273,8.542,91.4,5.1405,8,187,22.0,396.9,24.52,10.1
0.34134,0.0,0.46,0,0.4732,6.977,37.1,7.7397,8,619,20.0,396.9,18.69,18.8
0.44951,4.3,18.08,0,0.7185,6.758,86.1,5.6498,7,578,20.5,396.9,22.04,7.7
0.00632,25.6,18.68,0,0.4829,6.383,100.0,9.5954,4,187,21.4,368.95,13.35,14.1
1.91202,29.2,7.48,0,0.7961,8.162,99.0,4.6909,5,187,20.6,396.9,12.02,24.5
1.95501,1.0,19.29,0,0.7385,7.731,72.6,2.4437,6,594,21.3,396.9,18.64,29.3
2.417,1.7,4.33,0,0.4347,5.646,46.1,5.9615,24,323,19.9,396.9,12.91,22.8
0.51463,0.3,15.67,0,0.4727,7.544,79.6,9.8309,24,644,20.4,396.9,18.03,32.7
0.76687,3.3,19.31,0,0.5397,7.001,90.8,10.3383,5,252,19.8,383.16,27.52,28.5
1.36116,36.0,19.11,1,0.5965,6.563,87.1,10.3801,24,342,17.0,396.77,12.24,24.4
1.01015,49.2,2.01,0,0.871,7.266,100.0,2.5348,5,597,20.1,396.9,24.86,19.4
0.80198,0.6,17.16,0,0.8208,8.085,10.9,1.1296,4,342,20.8,393.63,14.09,31.2
0.50966,0.0,16.82,0,0.6812,7.425,39.8,8.461,6,601,19.2,396.9,12.34,48.9
0.00632,0.0,17.24,0,0.7504,5.775,71.1,3.0302,24,367,20.0,384.97,11.41,10.1
0.00632,1.8,3.25,0,0.4156,8.237,100.0,2.2472,5,352,19.0,396.9,10.53,20.4
1.07017,12.2,0.46,0,0.6202,6.9,80.4,8.0976,8,343,17.4,393.91,36.46,29.5
0.00632,0.0,5.86,0,0.4925,5.51,73.6,7.2534,1,229,18.6,396.9,9.9,12.0
1.26846,3.8,0.46,1,0.5328,8.212,86.9,3.0127,4,404,20.1,396.9,13.26,38.4
0.29975,24.2,0.93,0,0.5472,6.296,38.3,12.1265,5,605,21.1,396.9,13.81,22.6
0.1914,35.7,6.35,0,0.6603,7.173,91.5,9.4669,1,272,20.3,396.9,25.81,27.4
0.00632,0.0,17.71,0,0.7369,6.513,89.7,7.2219,24,594,19.7,396.9,16.82,29.2
1.21076,0.0,4.22,0,0.7213,6.755,100.0,6.122,24,593,15.5,396.9,10.73,24.9
0.15591,35.7,5.6,0,0.6723,8.78,94.1,3.0493,7,272,20.9,396.9,9.0,26.6
0.00632,45.0,2.78,0,0.7736,8.78,84.5,6.4183,7,187,20.7,396.9,18.38,21.0
0.4163,2.1,1.81,1,0.4312,6.331,5.5,5.9612,5,337,20.1,395.99,9.15,43.4
0.00632,2.2,17.21,0,0.7522,8.172,19.6,7.16,4,241,22.0,396.22,7.56,15.8
2.06971,19.3,4.34,0,0.5324,6.675,91.6,5.1518,4,342,21.2,396.9,20.46,25.3
0.28407,0.0,15.8,0,0.4917,8.01,95.0,1.7297,24,187,22.0,383.21,21.73,24.0
1.35721,0.7,16.35,1,0.6304,7.046,48.6,2.875,24,346,17.9,396.9,12.66,15.3
1.97849,0.0,14.39,0,0.7065,6.972,94.3,6.3714,3,670,18.3,396.9,10.07,19.5
0.73308,0.0,16.06,0,0.6878,8.78,82.6,3.4088,3,195,20.2,380.9,22.2,16.0
2.21065,3.2,1.51,1,0.6795,7.254,100.0,2.9833,4,607,19.1,395.28,15.19,31.6
1.07286,1.2,17.1,0,0.8305,5.243,80.1,5.7271,24,246,18.6,395.65,21.34,33.3
0.10045,0.9,17.86,0,0.7349,5.459,81.9,4.8811,8,568,19.6,396.9,9.27,17.0
0.86537,31.5,19.26,0,0.6409,7.453,49.4,2.5615,24,636,20.5,396.9,20.55,46.1
0.00632,0.0,1.87,0,0.5087,8.582,59.4,3.0863,24,377,21.1,396.9,10.58,22.4
15.21881,21.5,16.03,0,0.4646,8.78,25.9,11.2301,4,651,20.0,394.49,31.55,35.3
1.63929,12.6,0.46,1,0.7365,8.78,65.7,2.089,5,464,19.1,396.9,8.19,22.1
1.51373,16.2,15.5,0,0.6404,6.927,85.2,8.3652,5,576,20.9,390.98,12.53,30.0
2.32422,3.9,3.85,0,0.712,7.835,88.5,6.0414,7,326,21.5,391.49,17.97,50.0
0.36783,3.1,8.4,0,0.7589,7.785,88.3,9.0155,6,361,19.8,396.9,11.72,21.4
0.25811,2.9,7.65,0,0.7278,7.08,100.0,3.4043,8,315,20.3,396.9,10.97,28.2
0.87608,43.3,5.72,0,0.5393,8.78,88.7,6.4981,24,387,19.7,396.9,24.7,19.4
1.18723,47.7,16.21,1,0.6432,7.436,78.1,2.1126,5,629,21.8,388.53,10.83,14.0
0.07955,43.6,17.57,0,0.512,8.78,92.6,3.3197,24,215,19.9,396.9,19.31,32.4
0.00632,0.0,9.75,0,0.4547,7.46,94.3,2.4713,24,616,21.9,396.9,8.48,42.8
0.63269,3.5,13.66,0,0.4585,7.212,93.5,8.9158,24,323,18.7,396.9,33.67,24.0
2.21813,3.6,0.46,0,0.7918,6.829,100.0,4.1581,5,629,21.4,396.01,14.62,30.5
0.00632,22.3,18.02,1,0.5796,7.284,52.5,12.0305,5,189,18.4,396.9,22.94,16.8
0.8401,0.9,1.06,0,0.6104,8.161,89.9,5.1591,3,230,18.1,396.9,30.8,25.1
0.53586,12.8,25.02,1,0.7482,7.721,37.5,2.4726,8,187,20.9,396.9,12.61,50.0
2.38401,39.0,0.46,0,0.7836,8.657,90.7,7.5183,8,379,21.8,396.9,8.54,22.7
1.41225,2.8,17.2,1,0.4593,7.411,88.5,7.1447,5,350,20.2,395.79,25.58,26.4
0.95944,2.9,17.14,0,0.5933,8.78,86.5,11.9868,6,315,18.3,377.74,15.46,50.0
1.57349,1.4,2.07,0,0.4556,6.261,100.0,8.4175,8,595,18.1,396.9,20.86,13.1
1.57857,0.0,16.61,0,0.6453,6.039,59.0,8.4837,24,614,21.9,396.9,9.06,30.8
1.88448,3.0,16.76,0,0.7079,7.139,58.2,10.5241,5,310,21.0,385.11,7.65,33.0
8.46975,1.3,17.37,0,0.7927,7.78,78.1,2.2908,24,334,20.2,389.35,13.37,37.9
0.68045,12.3,17.02,0,0.5096,6.907,100.0,1.8933,5,187,19.6,396.9,11.32,31.2
1.90298,0.3,16.84,0,0.7127,7.767,100.0,9.1669,5,595,20.0,394.91,12.96,26.3
0.75435,8.0,0.46,0,0.5003,8.78,100.0,1.7929,4,187,20.5,393.07,23.93,35.6
0.3175,0.0,1.94,0,0.4459,6.929,58.6,3.6191,2,441,18.5,387.71,10.08,21.8
0.00632,0.0,18.83,0,0.4943,8.78,65.5,8.9845,6,611,21.2,396.9,18.76,38.0
0.7221,25.0,15.55,1,0.4879,8.483,64.5,2.184,2,416,19.3,396.9,24.8,23.0
0.94202,3.3,7.62,0,0.5206,6.379,69.6,2.3047,24,187,19.9,396.9,20.9,28.9
1.10665,2.2,4.43,0,0.7067,4.577,84.0,2.1644,8,668,18.2,396.26,13.87,16.7
0.97157,0.0,16.34,0,0.5811,8.193,70.3,6.0442,5,339,18.3,396.9,13.39,42.7
0.00632,2.8,16.96,0,0.5915,8.78,100.0,2.7848,6,582,20.4,396.9,21.91,25.8
0.88958,15.7,4.45,0,0.6643,8.78,88.6,7.9619,3,314,21.2,396.9,23.51,31.8
5.41931,9.9,3.26,1,0.5682,8.614,70.1,3.9412,4,231,20.7,396.9,16.72,38.0
1.20291,1.5,4.63,1,0.5563,7.659,41.0,8.3046,3,187,20.6,396.9,17.1,37.1
0.00632,0.5,0.46,0,0.7138,7.162,81.1,3.4801,4,187,20.8,396.9,10.52,28.2
1.45156,0.0,15.78,0,0.7985,8.78,100.0,6.6833,1,664,19.8,396.9,13.44,16.4
1.49918,0.0,16.63,0,0.6,7.198,100.0,3.2055,24,625,18.9,385.3,18.48,45.5
0.00632,26.4,4.92,0,0.7828,8.346,88.4,6.3931,4,187,20.5,357.61,13.84,24.2
1.31519,2.7,6.58,0,0.78,6.953,90.6,4.6222,5,628,19.8,395.0,19.06,22.8
0.00632,17.4,15.69,0,0.8599,8.78,54.0,8.9953,8,581,22.0,396.9,9.61,30.0
0.00632,1.6,17.58,1,0.7601,6.784,70.6,6.1883,1,612,13.9,396.9,5.76,24.3
